-- MySQL dump 10.13  Distrib 5.7.24, for osx11.1 (x86_64)
--
-- Host: 127.0.0.1    Database: vitaTrack
-- ------------------------------------------------------
-- Server version	8.3.0

/*!40101 SET @OLD_CHARACTER_SET_CLIENT=@@CHARACTER_SET_CLIENT */;
/*!40101 SET @OLD_CHARACTER_SET_RESULTS=@@CHARACTER_SET_RESULTS */;
/*!40101 SET @OLD_COLLATION_CONNECTION=@@COLLATION_CONNECTION */;
/*!40101 SET NAMES utf8 */;
/*!40103 SET @OLD_TIME_ZONE=@@TIME_ZONE */;
/*!40103 SET TIME_ZONE='+00:00' */;
/*!40014 SET @OLD_UNIQUE_CHECKS=@@UNIQUE_CHECKS, UNIQUE_CHECKS=0 */;
/*!40014 SET @OLD_FOREIGN_KEY_CHECKS=@@FOREIGN_KEY_CHECKS, FOREIGN_KEY_CHECKS=0 */;
/*!40101 SET @OLD_SQL_MODE=@@SQL_MODE, SQL_MODE='NO_AUTO_VALUE_ON_ZERO' */;
/*!40111 SET @OLD_SQL_NOTES=@@SQL_NOTES, SQL_NOTES=0 */;

--
-- Table structure for table `food_records`
--

DROP TABLE IF EXISTS `food_records`;
/*!40101 SET @saved_cs_client     = @@character_set_client */;
/*!40101 SET character_set_client = utf8 */;
CREATE TABLE `food_records` (
  `record_id` int NOT NULL AUTO_INCREMENT,
  `user_id` int NOT NULL,
  `record_date` datetime NOT NULL,
  `image_url` varchar(255) DEFAULT NULL,
  `meal_type` varchar(50) NOT NULL,
  `vegetables` int NOT NULL DEFAULT '0',
  `fruit` int NOT NULL DEFAULT '0',
  `grains` int NOT NULL DEFAULT '0',
  `meat` int NOT NULL DEFAULT '0',
  `dairy` int NOT NULL DEFAULT '0',
  `extras` int NOT NULL DEFAULT '0',
  `created_at` timestamp NULL DEFAULT CURRENT_TIMESTAMP,
  PRIMARY KEY (`record_id`),
  KEY `user_id` (`user_id`),
  CONSTRAINT `food_records_ibfk_1` FOREIGN KEY (`user_id`) REFERENCES `user` (`user_id`)
) ENGINE=InnoDB AUTO_INCREMENT=43 DEFAULT CHARSET=utf8mb4 COLLATE=utf8mb4_0900_ai_ci;
/*!40101 SET character_set_client = @saved_cs_client */;

--
-- Dumping data for table `food_records`
--

LOCK TABLES `food_records` WRITE;
/*!40000 ALTER TABLE `food_records` DISABLE KEYS */;
INSERT INTO `food_records` (`record_id`, `user_id`, `record_date`, `image_url`, `meal_type`, `vegetables`, `fruit`, `grains`, `meat`, `dairy`, `extras`, `created_at`) VALUES (1,1,'2025-04-21 00:00:00',NULL,'daily',2,1,1,1,1,0,'2025-05-20 01:39:46'),(2,2,'2025-04-21 00:00:00',NULL,'daily',2,1,1,1,1,0,'2025-05-20 01:39:46'),(3,3,'2025-04-21 00:00:00',NULL,'daily',2,1,1,1,1,0,'2025-05-20 01:39:46'),(4,4,'2025-04-21 00:00:00',NULL,'daily',2,1,1,1,1,0,'2025-05-20 01:39:46'),(5,5,'2025-04-21 00:00:00',NULL,'daily',2,1,1,1,1,0,'2025-05-20 01:39:46'),(6,6,'2025-04-21 00:00:00',NULL,'daily',2,1,1,1,1,0,'2025-05-20 01:39:46'),(7,1,'2025-04-22 00:00:00',NULL,'daily',2,1,1,1,1,0,'2025-05-20 01:39:46'),(8,2,'2025-04-22 00:00:00',NULL,'daily',2,1,1,1,1,0,'2025-05-20 01:39:46'),(9,3,'2025-04-22 00:00:00',NULL,'daily',2,1,1,1,1,0,'2025-05-20 01:39:46'),(10,4,'2025-04-22 00:00:00',NULL,'daily',2,1,1,1,1,0,'2025-05-20 01:39:46'),(11,5,'2025-04-22 00:00:00',NULL,'daily',2,1,1,1,1,0,'2025-05-20 01:39:46'),(12,6,'2025-04-22 00:00:00',NULL,'daily',2,1,1,1,1,0,'2025-05-20 01:39:46'),(13,1,'2025-04-23 00:00:00',NULL,'daily',2,1,1,1,1,0,'2025-05-20 01:39:46'),(14,2,'2025-04-23 00:00:00',NULL,'daily',2,1,1,1,1,0,'2025-05-20 01:39:46'),(15,3,'2025-04-23 00:00:00',NULL,'daily',2,1,1,1,1,0,'2025-05-20 01:39:46'),(16,4,'2025-04-23 00:00:00',NULL,'daily',2,1,1,1,1,0,'2025-05-20 01:39:46'),(17,5,'2025-04-23 00:00:00',NULL,'daily',2,1,1,1,1,0,'2025-05-20 01:39:46'),(18,6,'2025-04-23 00:00:00',NULL,'daily',2,1,1,1,1,0,'2025-05-20 01:39:46'),(19,1,'2025-04-24 00:00:00',NULL,'daily',2,1,1,1,1,0,'2025-05-20 01:39:46'),(20,2,'2025-04-24 00:00:00',NULL,'daily',2,1,1,1,1,0,'2025-05-20 01:39:46'),(21,3,'2025-04-24 00:00:00',NULL,'daily',2,1,1,1,1,0,'2025-05-20 01:39:46'),(22,4,'2025-04-24 00:00:00',NULL,'daily',2,1,1,1,1,0,'2025-05-20 01:39:46'),(23,5,'2025-04-24 00:00:00',NULL,'daily',2,1,1,1,1,0,'2025-05-20 01:39:46'),(24,6,'2025-04-24 00:00:00',NULL,'daily',2,1,1,1,1,0,'2025-05-20 01:39:46'),(25,1,'2025-04-25 00:00:00',NULL,'daily',2,1,1,1,1,0,'2025-05-20 01:39:46'),(26,2,'2025-04-25 00:00:00',NULL,'daily',2,1,1,1,1,0,'2025-05-20 01:39:46'),(27,3,'2025-04-25 00:00:00',NULL,'daily',2,1,1,1,1,0,'2025-05-20 01:39:46'),(28,4,'2025-04-25 00:00:00',NULL,'daily',2,1,1,1,1,0,'2025-05-20 01:39:46'),(29,5,'2025-04-25 00:00:00',NULL,'daily',2,1,1,1,1,0,'2025-05-20 01:39:46'),(30,6,'2025-04-25 00:00:00',NULL,'daily',2,1,1,1,1,0,'2025-05-20 01:39:46'),(31,1,'2025-04-26 00:00:00',NULL,'daily',2,1,1,1,1,0,'2025-05-20 01:39:46'),(32,2,'2025-04-26 00:00:00',NULL,'daily',2,1,1,1,1,0,'2025-05-20 01:39:46'),(33,3,'2025-04-26 00:00:00',NULL,'daily',2,1,1,1,1,0,'2025-05-20 01:39:46'),(34,4,'2025-04-26 00:00:00',NULL,'daily',2,1,1,1,1,0,'2025-05-20 01:39:46'),(35,5,'2025-04-26 00:00:00',NULL,'daily',2,1,1,1,1,0,'2025-05-20 01:39:46'),(36,6,'2025-04-26 00:00:00',NULL,'daily',2,1,1,1,1,0,'2025-05-20 01:39:46'),(37,1,'2025-04-27 00:00:00',NULL,'daily',2,1,1,1,1,0,'2025-05-20 01:39:46'),(38,2,'2025-04-27 00:00:00',NULL,'daily',2,1,1,1,1,0,'2025-05-20 01:39:46'),(39,3,'2025-04-27 00:00:00',NULL,'daily',2,1,1,1,1,0,'2025-05-20 01:39:46'),(40,4,'2025-04-27 00:00:00',NULL,'daily',2,1,1,1,1,0,'2025-05-20 01:39:46'),(41,5,'2025-04-27 00:00:00',NULL,'daily',2,1,1,1,1,0,'2025-05-20 01:39:46'),(42,6,'2025-04-27 00:00:00',NULL,'daily',2,1,1,1,1,0,'2025-05-20 01:39:46');
/*!40000 ALTER TABLE `food_records` ENABLE KEYS */;
UNLOCK TABLES;

--
-- Table structure for table `foods`
--

DROP TABLE IF EXISTS `foods`;
/*!40101 SET @saved_cs_client     = @@character_set_client */;
/*!40101 SET character_set_client = utf8 */;
CREATE TABLE `foods` (
  `id` int NOT NULL AUTO_INCREMENT,
  `name` varchar(255) NOT NULL,
  `calories` int NOT NULL,
  `unit` varchar(50) NOT NULL,
  `amount` double NOT NULL,
  `user_id` int NOT NULL,
  `food_category` varchar(50) DEFAULT NULL,
  `created_at` timestamp NULL DEFAULT CURRENT_TIMESTAMP,
  PRIMARY KEY (`id`),
  KEY `user_id` (`user_id`),
  CONSTRAINT `foods_ibfk_1` FOREIGN KEY (`user_id`) REFERENCES `user` (`user_id`)
) ENGINE=InnoDB AUTO_INCREMENT=49 DEFAULT CHARSET=utf8mb4 COLLATE=utf8mb4_0900_ai_ci;
/*!40101 SET character_set_client = @saved_cs_client */;

--
-- Dumping data for table `foods`
--

LOCK TABLES `foods` WRITE;
/*!40000 ALTER TABLE `foods` DISABLE KEYS */;
INSERT INTO `foods` (`id`, `name`, `calories`, `unit`, `amount`, `user_id`, `food_category`, `created_at`) VALUES (1,'Banana',105,'serving',1,1,'fruit','2025-04-26 13:03:36'),(2,'Apple',95,'serving',1,1,'fruit','2025-04-26 13:03:36'),(3,'Orange',62,'serving',1,1,'fruit','2025-04-26 13:03:36'),(4,'Blueberries',85,'serving',1,1,'fruit','2025-04-26 13:03:36'),(5,'Strawberries',50,'serving',1,1,'fruit','2025-04-26 13:03:36'),(6,'Grapes',69,'serving',1,1,'fruit','2025-04-26 13:03:36'),(7,'Watermelon',46,'serving',1,1,'fruit','2025-04-26 13:03:36'),(8,'Pineapple',82,'serving',1,1,'fruit','2025-04-26 13:03:36'),(9,'Broccoli',55,'serving',1,2,'vegetables','2025-04-26 13:03:36'),(10,'Carrots',41,'serving',1,2,'vegetables','2025-04-26 13:03:36'),(11,'Spinach',23,'serving',1,2,'vegetables','2025-04-26 13:03:36'),(12,'Cucumber',16,'serving',1,2,'vegetables','2025-04-26 13:03:36'),(13,'Tomatoes',22,'serving',1,2,'vegetables','2025-04-26 13:03:36'),(14,'Bell Peppers',30,'serving',1,2,'vegetables','2025-04-26 13:03:36'),(15,'Lettuce',5,'serving',1,2,'vegetables','2025-04-26 13:03:36'),(16,'Zucchini',17,'serving',1,2,'vegetables','2025-04-26 13:03:36'),(17,'Brown Rice',216,'serving',1,3,'grains','2025-04-26 13:03:36'),(18,'Oatmeal',150,'serving',1,3,'grains','2025-04-26 13:03:36'),(19,'Quinoa',120,'serving',1,3,'grains','2025-04-26 13:03:36'),(20,'Whole Wheat Bread',79,'serving',1,3,'grains','2025-04-26 13:03:36'),(21,'Pasta',131,'serving',1,3,'grains','2025-04-26 13:03:36'),(22,'Sweet Potato',103,'serving',1,3,'grains','2025-04-26 13:03:36'),(23,'Corn',96,'serving',1,3,'grains','2025-04-26 13:03:36'),(24,'Barley',193,'serving',1,3,'grains','2025-04-26 13:03:36'),(25,'Chicken Breast',165,'serving',1,4,'meat','2025-04-26 13:03:36'),(26,'Salmon',208,'serving',1,4,'meat','2025-04-26 13:03:36'),(27,'Beef Steak',271,'serving',1,4,'meat','2025-04-26 13:03:36'),(28,'Pork',242,'serving',1,4,'meat','2025-04-26 13:03:36'),(29,'Tofu',94,'serving',1,4,'meat','2025-04-26 13:03:36'),(30,'Eggs',155,'serving',1,4,'meat','2025-04-26 13:03:36'),(31,'Turkey',135,'serving',1,4,'meat','2025-04-26 13:03:36'),(32,'Tuna',120,'serving',1,4,'meat','2025-04-26 13:03:36'),(33,'Milk',122,'serving',1,5,'dairy','2025-04-26 13:03:36'),(34,'Greek Yogurt',100,'serving',1,5,'dairy','2025-04-26 13:03:36'),(35,'Cheddar Cheese',113,'serving',1,5,'dairy','2025-04-26 13:03:36'),(36,'Cottage Cheese',98,'serving',1,5,'dairy','2025-04-26 13:03:36'),(37,'Mozzarella',85,'serving',1,5,'dairy','2025-04-26 13:03:36'),(38,'Yogurt',59,'serving',1,5,'dairy','2025-04-26 13:03:36'),(39,'Sour Cream',23,'serving',1,5,'dairy','2025-04-26 13:03:36'),(40,'Butter',102,'serving',1,5,'dairy','2025-04-26 13:03:36'),(41,'Almonds',164,'serving',1,6,'extras','2025-04-26 13:03:36'),(42,'Peanut Butter',190,'serving',1,6,'extras','2025-04-26 13:03:36'),(43,'Walnuts',185,'serving',1,6,'extras','2025-04-26 13:03:36'),(44,'Cashews',157,'serving',1,6,'extras','2025-04-26 13:03:36'),(45,'Dark Chocolate',170,'serving',1,6,'extras','2025-04-26 13:03:36'),(46,'Popcorn',31,'serving',1,6,'extras','2025-04-26 13:03:36'),(47,'Trail Mix',150,'serving',1,6,'extras','2025-04-26 13:03:36'),(48,'Granola',120,'serving',1,6,'extras','2025-04-26 13:03:36');
/*!40000 ALTER TABLE `foods` ENABLE KEYS */;
UNLOCK TABLES;

--
-- Table structure for table `goal_settings`
--

DROP TABLE IF EXISTS `goal_settings`;
/*!40101 SET @saved_cs_client     = @@character_set_client */;
/*!40101 SET character_set_client = utf8 */;
CREATE TABLE `goal_settings` (
  `id` int NOT NULL AUTO_INCREMENT,
  `user_id` int NOT NULL,
  `vegetables` decimal(5,2) NOT NULL DEFAULT '0.00',
  `fruits` decimal(5,2) NOT NULL DEFAULT '0.00',
  `grains` decimal(5,2) NOT NULL DEFAULT '0.00',
  `meat` decimal(5,2) NOT NULL DEFAULT '0.00',
  `dairy` decimal(5,2) NOT NULL DEFAULT '0.00',
  `extras` decimal(5,2) NOT NULL DEFAULT '0.00',
  `created_at` timestamp NULL DEFAULT CURRENT_TIMESTAMP,
  `updated_at` timestamp NULL DEFAULT CURRENT_TIMESTAMP ON UPDATE CURRENT_TIMESTAMP,
  PRIMARY KEY (`id`),
  UNIQUE KEY `user_id` (`user_id`),
  CONSTRAINT `goal_settings_ibfk_1` FOREIGN KEY (`user_id`) REFERENCES `user` (`user_id`)
) ENGINE=InnoDB AUTO_INCREMENT=7 DEFAULT CHARSET=utf8mb4 COLLATE=utf8mb4_0900_ai_ci;
/*!40101 SET character_set_client = @saved_cs_client */;

--
-- Dumping data for table `goal_settings`
--

LOCK TABLES `goal_settings` WRITE;
/*!40000 ALTER TABLE `goal_settings` DISABLE KEYS */;
INSERT INTO `goal_settings` (`id`, `user_id`, `vegetables`, `fruits`, `grains`, `meat`, `dairy`, `extras`, `created_at`, `updated_at`) VALUES (1,1,3.00,2.00,3.00,2.00,2.00,1.00,'2025-05-20 01:39:45','2025-05-20 01:39:45'),(2,2,2.00,1.00,2.00,3.00,1.00,0.00,'2025-05-20 01:39:45','2025-05-20 01:39:45'),(3,3,4.00,2.00,2.00,1.00,2.00,1.00,'2025-05-20 01:39:45','2025-05-20 01:39:45'),(4,4,2.00,2.00,3.00,2.00,2.00,1.00,'2025-05-20 01:39:45','2025-05-20 01:39:45'),(5,5,3.00,3.00,2.00,1.00,1.00,2.00,'2025-05-20 01:39:45','2025-05-20 01:39:45'),(6,6,2.00,2.00,2.00,2.00,2.00,1.00,'2025-05-20 01:39:45','2025-05-20 01:39:45');
/*!40000 ALTER TABLE `goal_settings` ENABLE KEYS */;
UNLOCK TABLES;

--
-- Table structure for table `meal_records`
--

DROP TABLE IF EXISTS `meal_records`;
/*!40101 SET @saved_cs_client     = @@character_set_client */;
/*!40101 SET character_set_client = utf8 */;
CREATE TABLE `meal_records` (
  `id` int NOT NULL AUTO_INCREMENT,
  `user_id` int NOT NULL,
  `food_id` int NOT NULL,
  `amount` double NOT NULL,
  `meal_type` varchar(50) NOT NULL,
  `food_category` varchar(50) DEFAULT NULL,
  `image_url` varchar(255) DEFAULT NULL,
  `record_date` date NOT NULL,
  `created_at` timestamp NULL DEFAULT CURRENT_TIMESTAMP,
  PRIMARY KEY (`id`),
  KEY `user_id` (`user_id`),
  KEY `food_id` (`food_id`),
  CONSTRAINT `meal_records_ibfk_1` FOREIGN KEY (`user_id`) REFERENCES `user` (`user_id`),
  CONSTRAINT `meal_records_ibfk_2` FOREIGN KEY (`food_id`) REFERENCES `foods` (`id`)
) ENGINE=InnoDB AUTO_INCREMENT=295 DEFAULT CHARSET=utf8mb4 COLLATE=utf8mb4_0900_ai_ci;
/*!40101 SET character_set_client = @saved_cs_client */;

--
-- Dumping data for table `meal_records`
--

LOCK TABLES `meal_records` WRITE;
/*!40000 ALTER TABLE `meal_records` DISABLE KEYS */;
INSERT INTO `meal_records` (`id`, `user_id`, `food_id`, `amount`, `meal_type`, `food_category`, `image_url`, `record_date`, `created_at`) VALUES (1,1,1,1,'breakfast','fruit',NULL,'2025-04-21','2025-04-20 22:00:00'),(2,1,9,1,'breakfast','grains',NULL,'2025-04-21','2025-04-20 22:00:00'),(3,1,25,1,'lunch','meat',NULL,'2025-04-21','2025-04-21 02:00:00'),(4,1,10,1,'lunch','vegetables',NULL,'2025-04-21','2025-04-21 02:00:00'),(5,1,17,1,'dinner','meat',NULL,'2025-04-21','2025-04-21 08:00:00'),(6,1,11,1,'dinner','vegetables',NULL,'2025-04-21','2025-04-21 08:00:00'),(7,1,33,1,'snack','dairy',NULL,'2025-04-21','2025-04-21 05:00:00'),(8,1,2,1,'breakfast','fruit',NULL,'2025-04-22','2025-04-21 22:00:00'),(9,1,10,1,'breakfast','grains',NULL,'2025-04-22','2025-04-21 22:00:00'),(10,1,26,1,'lunch','meat',NULL,'2025-04-22','2025-04-22 02:00:00'),(11,1,11,1,'lunch','vegetables',NULL,'2025-04-22','2025-04-22 02:00:00'),(12,1,18,1,'dinner','meat',NULL,'2025-04-22','2025-04-22 08:00:00'),(13,1,12,1,'dinner','vegetables',NULL,'2025-04-22','2025-04-22 08:00:00'),(14,1,34,1,'snack','dairy',NULL,'2025-04-22','2025-04-22 05:00:00'),(15,1,3,1,'breakfast','fruit',NULL,'2025-04-23','2025-04-22 22:00:00'),(16,1,11,1,'breakfast','grains',NULL,'2025-04-23','2025-04-22 22:00:00'),(17,1,27,1,'lunch','meat',NULL,'2025-04-23','2025-04-23 02:00:00'),(18,1,12,1,'lunch','vegetables',NULL,'2025-04-23','2025-04-23 02:00:00'),(19,1,19,1,'dinner','meat',NULL,'2025-04-23','2025-04-23 08:00:00'),(20,1,13,1,'dinner','vegetables',NULL,'2025-04-23','2025-04-23 08:00:00'),(21,1,35,1,'snack','dairy',NULL,'2025-04-23','2025-04-23 05:00:00'),(22,1,4,1,'breakfast','fruit',NULL,'2025-04-24','2025-04-23 22:00:00'),(23,1,12,1,'breakfast','grains',NULL,'2025-04-24','2025-04-23 22:00:00'),(24,1,28,1,'lunch','meat',NULL,'2025-04-24','2025-04-24 02:00:00'),(25,1,13,1,'lunch','vegetables',NULL,'2025-04-24','2025-04-24 02:00:00'),(26,1,20,1,'dinner','meat',NULL,'2025-04-24','2025-04-24 08:00:00'),(27,1,14,1,'dinner','vegetables',NULL,'2025-04-24','2025-04-24 08:00:00'),(28,1,36,1,'snack','dairy',NULL,'2025-04-24','2025-04-24 05:00:00'),(29,1,5,1,'breakfast','fruit',NULL,'2025-04-25','2025-04-24 22:00:00'),(30,1,13,1,'breakfast','grains',NULL,'2025-04-25','2025-04-24 22:00:00'),(31,1,29,1,'lunch','meat',NULL,'2025-04-25','2025-04-25 02:00:00'),(32,1,14,1,'lunch','vegetables',NULL,'2025-04-25','2025-04-25 02:00:00'),(33,1,21,1,'dinner','meat',NULL,'2025-04-25','2025-04-25 08:00:00'),(34,1,15,1,'dinner','vegetables',NULL,'2025-04-25','2025-04-25 08:00:00'),(35,1,37,1,'snack','dairy',NULL,'2025-04-25','2025-04-25 05:00:00'),(36,1,6,1,'breakfast','fruit',NULL,'2025-04-26','2025-04-25 22:00:00'),(37,1,14,1,'breakfast','grains',NULL,'2025-04-26','2025-04-25 22:00:00'),(38,1,30,1,'lunch','meat',NULL,'2025-04-26','2025-04-26 02:00:00'),(39,1,15,1,'lunch','vegetables',NULL,'2025-04-26','2025-04-26 02:00:00'),(40,1,22,1,'dinner','meat',NULL,'2025-04-26','2025-04-26 08:00:00'),(41,1,16,1,'dinner','vegetables',NULL,'2025-04-26','2025-04-26 08:00:00'),(42,1,38,1,'snack','dairy',NULL,'2025-04-26','2025-04-26 05:00:00'),(43,1,7,1,'breakfast','fruit',NULL,'2025-04-27','2025-04-26 22:00:00'),(44,1,15,1,'breakfast','grains',NULL,'2025-04-27','2025-04-26 22:00:00'),(45,1,31,1,'lunch','meat',NULL,'2025-04-27','2025-04-27 02:00:00'),(46,1,16,1,'lunch','vegetables',NULL,'2025-04-27','2025-04-27 02:00:00'),(47,1,23,1,'dinner','meat',NULL,'2025-04-27','2025-04-27 08:00:00'),(48,1,9,1,'dinner','vegetables',NULL,'2025-04-27','2025-04-27 08:00:00'),(49,1,32,1,'snack','dairy',NULL,'2025-04-27','2025-04-27 05:00:00'),(50,2,2,1,'breakfast','fruit',NULL,'2025-04-21','2025-04-20 22:00:00'),(51,2,10,1,'breakfast','grains',NULL,'2025-04-21','2025-04-20 22:00:00'),(52,2,26,1,'lunch','meat',NULL,'2025-04-21','2025-04-21 02:00:00'),(53,2,11,1,'lunch','vegetables',NULL,'2025-04-21','2025-04-21 02:00:00'),(54,2,18,1,'dinner','meat',NULL,'2025-04-21','2025-04-21 08:00:00'),(55,2,12,1,'dinner','vegetables',NULL,'2025-04-21','2025-04-21 08:00:00'),(56,2,34,1,'snack','dairy',NULL,'2025-04-21','2025-04-21 05:00:00'),(57,2,3,1,'breakfast','fruit',NULL,'2025-04-22','2025-04-21 22:00:00'),(58,2,11,1,'breakfast','grains',NULL,'2025-04-22','2025-04-21 22:00:00'),(59,2,27,1,'lunch','meat',NULL,'2025-04-22','2025-04-22 02:00:00'),(60,2,12,1,'lunch','vegetables',NULL,'2025-04-22','2025-04-22 02:00:00'),(61,2,19,1,'dinner','meat',NULL,'2025-04-22','2025-04-22 08:00:00'),(62,2,13,1,'dinner','vegetables',NULL,'2025-04-22','2025-04-22 08:00:00'),(63,2,35,1,'snack','dairy',NULL,'2025-04-22','2025-04-22 05:00:00'),(64,2,4,1,'breakfast','fruit',NULL,'2025-04-23','2025-04-22 22:00:00'),(65,2,12,1,'breakfast','grains',NULL,'2025-04-23','2025-04-22 22:00:00'),(66,2,28,1,'lunch','meat',NULL,'2025-04-23','2025-04-23 02:00:00'),(67,2,13,1,'lunch','vegetables',NULL,'2025-04-23','2025-04-23 02:00:00'),(68,2,20,1,'dinner','meat',NULL,'2025-04-23','2025-04-23 08:00:00'),(69,2,14,1,'dinner','vegetables',NULL,'2025-04-23','2025-04-23 08:00:00'),(70,2,36,1,'snack','dairy',NULL,'2025-04-23','2025-04-23 05:00:00'),(71,2,5,1,'breakfast','fruit',NULL,'2025-04-24','2025-04-23 22:00:00'),(72,2,13,1,'breakfast','grains',NULL,'2025-04-24','2025-04-23 22:00:00'),(73,2,29,1,'lunch','meat',NULL,'2025-04-24','2025-04-24 02:00:00'),(74,2,14,1,'lunch','vegetables',NULL,'2025-04-24','2025-04-24 02:00:00'),(75,2,21,1,'dinner','meat',NULL,'2025-04-24','2025-04-24 08:00:00'),(76,2,15,1,'dinner','vegetables',NULL,'2025-04-24','2025-04-24 08:00:00'),(77,2,37,1,'snack','dairy',NULL,'2025-04-24','2025-04-24 05:00:00'),(78,2,6,1,'breakfast','fruit',NULL,'2025-04-25','2025-04-24 22:00:00'),(79,2,14,1,'breakfast','grains',NULL,'2025-04-25','2025-04-24 22:00:00'),(80,2,30,1,'lunch','meat',NULL,'2025-04-25','2025-04-25 02:00:00'),(81,2,15,1,'lunch','vegetables',NULL,'2025-04-25','2025-04-25 02:00:00'),(82,2,22,1,'dinner','meat',NULL,'2025-04-25','2025-04-25 08:00:00'),(83,2,16,1,'dinner','vegetables',NULL,'2025-04-25','2025-04-25 08:00:00'),(84,2,38,1,'snack','dairy',NULL,'2025-04-25','2025-04-25 05:00:00'),(85,2,7,1,'breakfast','fruit',NULL,'2025-04-26','2025-04-25 22:00:00'),(86,2,15,1,'breakfast','grains',NULL,'2025-04-26','2025-04-25 22:00:00'),(87,2,31,1,'lunch','meat',NULL,'2025-04-26','2025-04-26 02:00:00'),(88,2,16,1,'lunch','vegetables',NULL,'2025-04-26','2025-04-26 02:00:00'),(89,2,23,1,'dinner','meat',NULL,'2025-04-26','2025-04-26 08:00:00'),(90,2,9,1,'dinner','vegetables',NULL,'2025-04-26','2025-04-26 08:00:00'),(91,2,32,1,'snack','dairy',NULL,'2025-04-26','2025-04-26 05:00:00'),(92,2,8,1,'breakfast','fruit',NULL,'2025-04-27','2025-04-26 22:00:00'),(93,2,16,1,'breakfast','grains',NULL,'2025-04-27','2025-04-26 22:00:00'),(94,2,32,1,'lunch','meat',NULL,'2025-04-27','2025-04-27 02:00:00'),(95,2,9,1,'lunch','vegetables',NULL,'2025-04-27','2025-04-27 02:00:00'),(96,2,24,1,'dinner','meat',NULL,'2025-04-27','2025-04-27 08:00:00'),(97,2,10,1,'dinner','vegetables',NULL,'2025-04-27','2025-04-27 08:00:00'),(98,2,33,1,'snack','dairy',NULL,'2025-04-27','2025-04-27 05:00:00'),(99,3,3,1,'breakfast','fruit',NULL,'2025-04-21','2025-04-20 22:00:00'),(100,3,11,1,'breakfast','grains',NULL,'2025-04-21','2025-04-20 22:00:00'),(101,3,27,1,'lunch','meat',NULL,'2025-04-21','2025-04-21 02:00:00'),(102,3,12,1,'lunch','vegetables',NULL,'2025-04-21','2025-04-21 02:00:00'),(103,3,19,1,'dinner','meat',NULL,'2025-04-21','2025-04-21 08:00:00'),(104,3,13,1,'dinner','vegetables',NULL,'2025-04-21','2025-04-21 08:00:00'),(105,3,35,1,'snack','dairy',NULL,'2025-04-21','2025-04-21 05:00:00'),(106,3,4,1,'breakfast','fruit',NULL,'2025-04-22','2025-04-21 22:00:00'),(107,3,12,1,'breakfast','grains',NULL,'2025-04-22','2025-04-21 22:00:00'),(108,3,28,1,'lunch','meat',NULL,'2025-04-22','2025-04-22 02:00:00'),(109,3,13,1,'lunch','vegetables',NULL,'2025-04-22','2025-04-22 02:00:00'),(110,3,20,1,'dinner','meat',NULL,'2025-04-22','2025-04-22 08:00:00'),(111,3,14,1,'dinner','vegetables',NULL,'2025-04-22','2025-04-22 08:00:00'),(112,3,36,1,'snack','dairy',NULL,'2025-04-22','2025-04-22 05:00:00'),(113,3,5,1,'breakfast','fruit',NULL,'2025-04-23','2025-04-22 22:00:00'),(114,3,13,1,'breakfast','grains',NULL,'2025-04-23','2025-04-22 22:00:00'),(115,3,29,1,'lunch','meat',NULL,'2025-04-23','2025-04-23 02:00:00'),(116,3,14,1,'lunch','vegetables',NULL,'2025-04-23','2025-04-23 02:00:00'),(117,3,21,1,'dinner','meat',NULL,'2025-04-23','2025-04-23 08:00:00'),(118,3,15,1,'dinner','vegetables',NULL,'2025-04-23','2025-04-23 08:00:00'),(119,3,37,1,'snack','dairy',NULL,'2025-04-23','2025-04-23 05:00:00'),(120,3,6,1,'breakfast','fruit',NULL,'2025-04-24','2025-04-23 22:00:00'),(121,3,14,1,'breakfast','grains',NULL,'2025-04-24','2025-04-23 22:00:00'),(122,3,30,1,'lunch','meat',NULL,'2025-04-24','2025-04-24 02:00:00'),(123,3,15,1,'lunch','vegetables',NULL,'2025-04-24','2025-04-24 02:00:00'),(124,3,22,1,'dinner','meat',NULL,'2025-04-24','2025-04-24 08:00:00'),(125,3,16,1,'dinner','vegetables',NULL,'2025-04-24','2025-04-24 08:00:00'),(126,3,38,1,'snack','dairy',NULL,'2025-04-24','2025-04-24 05:00:00'),(127,3,7,1,'breakfast','fruit',NULL,'2025-04-25','2025-04-24 22:00:00'),(128,3,15,1,'breakfast','grains',NULL,'2025-04-25','2025-04-24 22:00:00'),(129,3,31,1,'lunch','meat',NULL,'2025-04-25','2025-04-25 02:00:00'),(130,3,16,1,'lunch','vegetables',NULL,'2025-04-25','2025-04-25 02:00:00'),(131,3,23,1,'dinner','meat',NULL,'2025-04-25','2025-04-25 08:00:00'),(132,3,9,1,'dinner','vegetables',NULL,'2025-04-25','2025-04-25 08:00:00'),(133,3,32,1,'snack','dairy',NULL,'2025-04-25','2025-04-25 05:00:00'),(134,3,8,1,'breakfast','fruit',NULL,'2025-04-26','2025-04-25 22:00:00'),(135,3,16,1,'breakfast','grains',NULL,'2025-04-26','2025-04-25 22:00:00'),(136,3,32,1,'lunch','meat',NULL,'2025-04-26','2025-04-26 02:00:00'),(137,3,9,1,'lunch','vegetables',NULL,'2025-04-26','2025-04-26 02:00:00'),(138,3,24,1,'dinner','meat',NULL,'2025-04-26','2025-04-26 08:00:00'),(139,3,10,1,'dinner','vegetables',NULL,'2025-04-26','2025-04-26 08:00:00'),(140,3,33,1,'snack','dairy',NULL,'2025-04-26','2025-04-26 05:00:00'),(141,3,1,1,'breakfast','fruit',NULL,'2025-04-27','2025-04-26 22:00:00'),(142,3,9,1,'breakfast','grains',NULL,'2025-04-27','2025-04-26 22:00:00'),(143,3,25,1,'lunch','meat',NULL,'2025-04-27','2025-04-27 02:00:00'),(144,3,10,1,'lunch','vegetables',NULL,'2025-04-27','2025-04-27 02:00:00'),(145,3,17,1,'dinner','meat',NULL,'2025-04-27','2025-04-27 08:00:00'),(146,3,11,1,'dinner','vegetables',NULL,'2025-04-27','2025-04-27 08:00:00'),(147,3,34,1,'snack','dairy',NULL,'2025-04-27','2025-04-27 05:00:00'),(148,4,1,1,'breakfast','fruit',NULL,'2025-04-21','2025-04-20 22:00:00'),(149,4,9,1,'breakfast','grains',NULL,'2025-04-21','2025-04-20 22:00:00'),(150,4,25,1,'lunch','meat',NULL,'2025-04-21','2025-04-21 02:00:00'),(151,4,10,1,'lunch','vegetables',NULL,'2025-04-21','2025-04-21 02:00:00'),(152,4,17,1,'dinner','meat',NULL,'2025-04-21','2025-04-21 08:00:00'),(153,4,11,1,'dinner','vegetables',NULL,'2025-04-21','2025-04-21 08:00:00'),(154,4,33,1,'snack','dairy',NULL,'2025-04-21','2025-04-21 05:00:00'),(155,4,2,1,'breakfast','fruit',NULL,'2025-04-22','2025-04-21 22:00:00'),(156,4,10,1,'breakfast','grains',NULL,'2025-04-22','2025-04-21 22:00:00'),(157,4,26,1,'lunch','meat',NULL,'2025-04-22','2025-04-22 02:00:00'),(158,4,11,1,'lunch','vegetables',NULL,'2025-04-22','2025-04-22 02:00:00'),(159,4,18,1,'dinner','meat',NULL,'2025-04-22','2025-04-22 08:00:00'),(160,4,12,1,'dinner','vegetables',NULL,'2025-04-22','2025-04-22 08:00:00'),(161,4,34,1,'snack','dairy',NULL,'2025-04-22','2025-04-22 05:00:00'),(162,4,3,1,'breakfast','fruit',NULL,'2025-04-23','2025-04-22 22:00:00'),(163,4,11,1,'breakfast','grains',NULL,'2025-04-23','2025-04-22 22:00:00'),(164,4,27,1,'lunch','meat',NULL,'2025-04-23','2025-04-23 02:00:00'),(165,4,12,1,'lunch','vegetables',NULL,'2025-04-23','2025-04-23 02:00:00'),(166,4,19,1,'dinner','meat',NULL,'2025-04-23','2025-04-23 08:00:00'),(167,4,13,1,'dinner','vegetables',NULL,'2025-04-23','2025-04-23 08:00:00'),(168,4,35,1,'snack','dairy',NULL,'2025-04-23','2025-04-23 05:00:00'),(169,4,4,1,'breakfast','fruit',NULL,'2025-04-24','2025-04-23 22:00:00'),(170,4,12,1,'breakfast','grains',NULL,'2025-04-24','2025-04-23 22:00:00'),(171,4,28,1,'lunch','meat',NULL,'2025-04-24','2025-04-24 02:00:00'),(172,4,13,1,'lunch','vegetables',NULL,'2025-04-24','2025-04-24 02:00:00'),(173,4,20,1,'dinner','meat',NULL,'2025-04-24','2025-04-24 08:00:00'),(174,4,14,1,'dinner','vegetables',NULL,'2025-04-24','2025-04-24 08:00:00'),(175,4,36,1,'snack','dairy',NULL,'2025-04-24','2025-04-24 05:00:00'),(176,4,5,1,'breakfast','fruit',NULL,'2025-04-25','2025-04-24 22:00:00'),(177,4,13,1,'breakfast','grains',NULL,'2025-04-25','2025-04-24 22:00:00'),(178,4,29,1,'lunch','meat',NULL,'2025-04-25','2025-04-25 02:00:00'),(179,4,14,1,'lunch','vegetables',NULL,'2025-04-25','2025-04-25 02:00:00'),(180,4,21,1,'dinner','meat',NULL,'2025-04-25','2025-04-25 08:00:00'),(181,4,15,1,'dinner','vegetables',NULL,'2025-04-25','2025-04-25 08:00:00'),(182,4,37,1,'snack','dairy',NULL,'2025-04-25','2025-04-25 05:00:00'),(183,4,6,1,'breakfast','fruit',NULL,'2025-04-26','2025-04-25 22:00:00'),(184,4,14,1,'breakfast','grains',NULL,'2025-04-26','2025-04-25 22:00:00'),(185,4,30,1,'lunch','meat',NULL,'2025-04-26','2025-04-26 02:00:00'),(186,4,15,1,'lunch','vegetables',NULL,'2025-04-26','2025-04-26 02:00:00'),(187,4,22,1,'dinner','meat',NULL,'2025-04-26','2025-04-26 08:00:00'),(188,4,16,1,'dinner','vegetables',NULL,'2025-04-26','2025-04-26 08:00:00'),(189,4,38,1,'snack','dairy',NULL,'2025-04-26','2025-04-26 05:00:00'),(190,4,7,1,'breakfast','fruit',NULL,'2025-04-27','2025-04-26 22:00:00'),(191,4,15,1,'breakfast','grains',NULL,'2025-04-27','2025-04-26 22:00:00'),(192,4,31,1,'lunch','meat',NULL,'2025-04-27','2025-04-27 02:00:00'),(193,4,16,1,'lunch','vegetables',NULL,'2025-04-27','2025-04-27 02:00:00'),(194,4,23,1,'dinner','meat',NULL,'2025-04-27','2025-04-27 08:00:00'),(195,4,9,1,'dinner','vegetables',NULL,'2025-04-27','2025-04-27 08:00:00'),(196,4,32,1,'snack','dairy',NULL,'2025-04-27','2025-04-27 05:00:00'),(197,5,1,1,'breakfast','fruit',NULL,'2025-04-21','2025-04-20 22:00:00'),(198,5,9,1,'breakfast','grains',NULL,'2025-04-21','2025-04-20 22:00:00'),(199,5,25,1,'lunch','meat',NULL,'2025-04-21','2025-04-21 02:00:00'),(200,5,10,1,'lunch','vegetables',NULL,'2025-04-21','2025-04-21 02:00:00'),(201,5,17,1,'dinner','meat',NULL,'2025-04-21','2025-04-21 08:00:00'),(202,5,11,1,'dinner','vegetables',NULL,'2025-04-21','2025-04-21 08:00:00'),(203,5,33,1,'snack','dairy',NULL,'2025-04-21','2025-04-21 05:00:00'),(204,5,2,1,'breakfast','fruit',NULL,'2025-04-22','2025-04-21 22:00:00'),(205,5,10,1,'breakfast','grains',NULL,'2025-04-22','2025-04-21 22:00:00'),(206,5,26,1,'lunch','meat',NULL,'2025-04-22','2025-04-22 02:00:00'),(207,5,11,1,'lunch','vegetables',NULL,'2025-04-22','2025-04-22 02:00:00'),(208,5,18,1,'dinner','meat',NULL,'2025-04-22','2025-04-22 08:00:00'),(209,5,12,1,'dinner','vegetables',NULL,'2025-04-22','2025-04-22 08:00:00'),(210,5,34,1,'snack','dairy',NULL,'2025-04-22','2025-04-22 05:00:00'),(211,5,3,1,'breakfast','fruit',NULL,'2025-04-23','2025-04-22 22:00:00'),(212,5,11,1,'breakfast','grains',NULL,'2025-04-23','2025-04-22 22:00:00'),(213,5,27,1,'lunch','meat',NULL,'2025-04-23','2025-04-23 02:00:00'),(214,5,12,1,'lunch','vegetables',NULL,'2025-04-23','2025-04-23 02:00:00'),(215,5,19,1,'dinner','meat',NULL,'2025-04-23','2025-04-23 08:00:00'),(216,5,13,1,'dinner','vegetables',NULL,'2025-04-23','2025-04-23 08:00:00'),(217,5,35,1,'snack','dairy',NULL,'2025-04-23','2025-04-23 05:00:00'),(218,5,4,1,'breakfast','fruit',NULL,'2025-04-24','2025-04-23 22:00:00'),(219,5,12,1,'breakfast','grains',NULL,'2025-04-24','2025-04-23 22:00:00'),(220,5,28,1,'lunch','meat',NULL,'2025-04-24','2025-04-24 02:00:00'),(221,5,13,1,'lunch','vegetables',NULL,'2025-04-24','2025-04-24 02:00:00'),(222,5,20,1,'dinner','meat',NULL,'2025-04-24','2025-04-24 08:00:00'),(223,5,14,1,'dinner','vegetables',NULL,'2025-04-24','2025-04-24 08:00:00'),(224,5,36,1,'snack','dairy',NULL,'2025-04-24','2025-04-24 05:00:00'),(225,5,5,1,'breakfast','fruit',NULL,'2025-04-25','2025-04-24 22:00:00'),(226,5,13,1,'breakfast','grains',NULL,'2025-04-25','2025-04-24 22:00:00'),(227,5,29,1,'lunch','meat',NULL,'2025-04-25','2025-04-25 02:00:00'),(228,5,14,1,'lunch','vegetables',NULL,'2025-04-25','2025-04-25 02:00:00'),(229,5,21,1,'dinner','meat',NULL,'2025-04-25','2025-04-25 08:00:00'),(230,5,15,1,'dinner','vegetables',NULL,'2025-04-25','2025-04-25 08:00:00'),(231,5,37,1,'snack','dairy',NULL,'2025-04-25','2025-04-25 05:00:00'),(232,5,6,1,'breakfast','fruit',NULL,'2025-04-26','2025-04-25 22:00:00'),(233,5,14,1,'breakfast','grains',NULL,'2025-04-26','2025-04-25 22:00:00'),(234,5,30,1,'lunch','meat',NULL,'2025-04-26','2025-04-26 02:00:00'),(235,5,15,1,'lunch','vegetables',NULL,'2025-04-26','2025-04-26 02:00:00'),(236,5,22,1,'dinner','meat',NULL,'2025-04-26','2025-04-26 08:00:00'),(237,5,16,1,'dinner','vegetables',NULL,'2025-04-26','2025-04-26 08:00:00'),(238,5,38,1,'snack','dairy',NULL,'2025-04-26','2025-04-26 05:00:00'),(239,5,7,1,'breakfast','fruit',NULL,'2025-04-27','2025-04-26 22:00:00'),(240,5,15,1,'breakfast','grains',NULL,'2025-04-27','2025-04-26 22:00:00'),(241,5,31,1,'lunch','meat',NULL,'2025-04-27','2025-04-27 02:00:00'),(242,5,16,1,'lunch','vegetables',NULL,'2025-04-27','2025-04-27 02:00:00'),(243,5,23,1,'dinner','meat',NULL,'2025-04-27','2025-04-27 08:00:00'),(244,5,9,1,'dinner','vegetables',NULL,'2025-04-27','2025-04-27 08:00:00'),(245,5,32,1,'snack','dairy',NULL,'2025-04-27','2025-04-27 05:00:00'),(246,6,1,1,'breakfast','fruit',NULL,'2025-04-21','2025-04-20 22:00:00'),(247,6,9,1,'breakfast','grains',NULL,'2025-04-21','2025-04-20 22:00:00'),(248,6,25,1,'lunch','meat',NULL,'2025-04-21','2025-04-21 02:00:00'),(249,6,10,1,'lunch','vegetables',NULL,'2025-04-21','2025-04-21 02:00:00'),(250,6,17,1,'dinner','meat',NULL,'2025-04-21','2025-04-21 08:00:00'),(251,6,11,1,'dinner','vegetables',NULL,'2025-04-21','2025-04-21 08:00:00'),(252,6,33,1,'snack','dairy',NULL,'2025-04-21','2025-04-21 05:00:00'),(253,6,2,1,'breakfast','fruit',NULL,'2025-04-22','2025-04-21 22:00:00'),(254,6,10,1,'breakfast','grains',NULL,'2025-04-22','2025-04-21 22:00:00'),(255,6,26,1,'lunch','meat',NULL,'2025-04-22','2025-04-22 02:00:00'),(256,6,11,1,'lunch','vegetables',NULL,'2025-04-22','2025-04-22 02:00:00'),(257,6,18,1,'dinner','meat',NULL,'2025-04-22','2025-04-22 08:00:00'),(258,6,12,1,'dinner','vegetables',NULL,'2025-04-22','2025-04-22 08:00:00'),(259,6,34,1,'snack','dairy',NULL,'2025-04-22','2025-04-22 05:00:00'),(260,6,3,1,'breakfast','fruit',NULL,'2025-04-23','2025-04-22 22:00:00'),(261,6,11,1,'breakfast','grains',NULL,'2025-04-23','2025-04-22 22:00:00'),(262,6,27,1,'lunch','meat',NULL,'2025-04-23','2025-04-23 02:00:00'),(263,6,12,1,'lunch','vegetables',NULL,'2025-04-23','2025-04-23 02:00:00'),(264,6,19,1,'dinner','meat',NULL,'2025-04-23','2025-04-23 08:00:00'),(265,6,13,1,'dinner','vegetables',NULL,'2025-04-23','2025-04-23 08:00:00'),(266,6,35,1,'snack','dairy',NULL,'2025-04-23','2025-04-23 05:00:00'),(267,6,4,1,'breakfast','fruit',NULL,'2025-04-24','2025-04-23 22:00:00'),(268,6,12,1,'breakfast','grains',NULL,'2025-04-24','2025-04-23 22:00:00'),(269,6,28,1,'lunch','meat',NULL,'2025-04-24','2025-04-24 02:00:00'),(270,6,13,1,'lunch','vegetables',NULL,'2025-04-24','2025-04-24 02:00:00'),(271,6,20,1,'dinner','meat',NULL,'2025-04-24','2025-04-24 08:00:00'),(272,6,14,1,'dinner','vegetables',NULL,'2025-04-24','2025-04-24 08:00:00'),(273,6,36,1,'snack','dairy',NULL,'2025-04-24','2025-04-24 05:00:00'),(274,6,5,1,'breakfast','fruit',NULL,'2025-04-25','2025-04-24 22:00:00'),(275,6,13,1,'breakfast','grains',NULL,'2025-04-25','2025-04-24 22:00:00'),(276,6,29,1,'lunch','meat',NULL,'2025-04-25','2025-04-25 02:00:00'),(277,6,14,1,'lunch','vegetables',NULL,'2025-04-25','2025-04-25 02:00:00'),(278,6,21,1,'dinner','meat',NULL,'2025-04-25','2025-04-25 08:00:00'),(279,6,15,1,'dinner','vegetables',NULL,'2025-04-25','2025-04-25 08:00:00'),(280,6,37,1,'snack','dairy',NULL,'2025-04-25','2025-04-25 05:00:00'),(281,6,6,1,'breakfast','fruit',NULL,'2025-04-26','2025-04-25 22:00:00'),(282,6,14,1,'breakfast','grains',NULL,'2025-04-26','2025-04-25 22:00:00'),(283,6,30,1,'lunch','meat',NULL,'2025-04-26','2025-04-26 02:00:00'),(284,6,15,1,'lunch','vegetables',NULL,'2025-04-26','2025-04-26 02:00:00'),(285,6,22,1,'dinner','meat',NULL,'2025-04-26','2025-04-26 08:00:00'),(286,6,16,1,'dinner','vegetables',NULL,'2025-04-26','2025-04-26 08:00:00'),(287,6,38,1,'snack','dairy',NULL,'2025-04-26','2025-04-26 05:00:00'),(288,6,7,1,'breakfast','fruit',NULL,'2025-04-27','2025-04-26 22:00:00'),(289,6,15,1,'breakfast','grains',NULL,'2025-04-27','2025-04-26 22:00:00'),(290,6,31,1,'lunch','meat',NULL,'2025-04-27','2025-04-27 02:00:00'),(291,6,16,1,'lunch','vegetables',NULL,'2025-04-27','2025-04-27 02:00:00'),(292,6,23,1,'dinner','meat',NULL,'2025-04-27','2025-04-27 08:00:00'),(293,6,9,1,'dinner','vegetables',NULL,'2025-04-27','2025-04-27 08:00:00'),(294,6,32,1,'snack','dairy',NULL,'2025-04-27','2025-04-27 05:00:00');
/*!40000 ALTER TABLE `meal_records` ENABLE KEYS */;
UNLOCK TABLES;

--
-- Table structure for table `Recipe`
--

DROP TABLE IF EXISTS `Recipe`;
/*!40101 SET @saved_cs_client     = @@character_set_client */;
/*!40101 SET character_set_client = utf8 */;
CREATE TABLE `Recipe` (
  `recipe_ID` int NOT NULL AUTO_INCREMENT,
  `recipe_name` varchar(255) NOT NULL,
  `short_instruction` text,
  `instructions` text,
  `image_URL` varchar(255) DEFAULT NULL,
  `traffic_lights` json DEFAULT NULL,
  `food_type` enum('breakfast','lunch','dinner','snack') DEFAULT NULL,
  `ingredients` json DEFAULT NULL,
  `method` text,
  `hint` text,
  `dressing` json DEFAULT NULL,
  `variation` text,
  `serves` int DEFAULT NULL,
  `serve_size` text,
  `quantity_per_serving` json DEFAULT NULL,
  `quantity_per_100g` json DEFAULT NULL,
  `source` text,
  `is_recommend` tinyint(1) DEFAULT '0',
  PRIMARY KEY (`recipe_ID`)
) ENGINE=InnoDB AUTO_INCREMENT=21 DEFAULT CHARSET=utf8mb4 COLLATE=utf8mb4_0900_ai_ci;
/*!40101 SET character_set_client = @saved_cs_client */;

--
-- Dumping data for table `Recipe`
--

LOCK TABLES `Recipe` WRITE;
/*!40000 ALTER TABLE `Recipe` DISABLE KEYS */;
INSERT INTO `Recipe` (`recipe_ID`, `recipe_name`, `short_instruction`, `instructions`, `image_URL`, `traffic_lights`, `food_type`, `ingredients`, `method`, `hint`, `dressing`, `variation`, `serves`, `serve_size`, `quantity_per_serving`, `quantity_per_100g`, `source`, `is_recommend`) VALUES (1,'Citrus coleslaw','10 minutes preparation. 6 serves of veggies in this recipe',NULL,'https://www.eatforhealth.gov.au/sites/default/files/2022-03/citrus_coleslaw_recipe_image.jpg','{\"Fat\": \"yellow\", \"Salt\": \"green\", \"Sugar\": \"yellow\", \"Saturates\": \"green\"}','breakfast','[\"1 orange\", \"3 cups cabbage, shredded\", \"2 spring onions, sliced\", \"1 small green capsicum, seeded and sliced\"]','Grate the orange rind and set aside. Peel and slice orange into segments or rings. Combine orange with  cabbage, spring onions and capsicum in a serving bowl. Mix dressing ingredients in a separate bowl and add orange rind. Pour over salad and mix well. Serves 4.',NULL,'[\"1 tablespoon vinegar\", \"1 tablespoon orange juice\", \"2 tablespoons olive oil\"]','Use pink grapefruit instead of orange. Add sliced kiwi fruit or grated carrot. For a creamy, low-fat dressing, mix ¼ cup low-fat natural yogurt, ¼ cup reduced-fat mayonnaise, juice of ½ lemon and 1 teaspoon wholegrain or French mustard.',4,'147g','{\"Fat\": \"4.80\", \"Fibre\": \"3.04g\", \"Energy\": \"345.08kj\", \"Sodium\": \"24.39mg\", \"sugars\": \"5.30g\", \"Protein\": \"2.33g\", \"saturated\": \"0.64g\", \"Carbohydrate\": \"5.70g\"}',NULL,'https://www.eatforhealth.gov.au/eating-well/healthy-recipes/citrus-coleslaw',1),(2,'Salsa','5 minutes preparation. 7 serves of vegies in this recipe','Salsa is the Mexican word for sauce. It usually refers to a tomato-based condiment used to dip or to add flavour to dishes.','https://www.eatforhealth.gov.au/sites/default/files/2022-03/salsa_recipe_image.jpg','{\"Fat\": \"yellow\", \"Salt\": \"green\", \"Sugar\": \"green\", \"Saturates\": \"green\"}','lunch','[\"2 ripe tomatoes, chopped\", \"1 Lebanese cucumber, chopped\", \"½ red onion, finely chopped\", \"1 teaspoon lemon juice\", \"2 teaspoons olive oil\", \"1 tablespoon chopped parsley\"]','Combine all ingredients and toss well. Makes 2 cups. Salsa will keep for 3-4 days, covered, in the refrigerator.',NULL,NULL,'For a spicy Mexican salsa add 1 ripe avocado, 1 small red chilli, seeded and chopped (or pinch of dried chilli flakes), and 1 tablespoon fresh coriander.',NULL,NULL,NULL,NULL,'https://www.eatforhealth.gov.au/eating-well/healthy-recipes/salsa',1),(3,'BBQ vegetables','7 minutes preparation + 10 cooking. 17 serves of vegies in this recipe',NULL,'https://www.eatforhealth.gov.au/sites/default/files/2022-03/bbq_vegies_recipe_image.jpg','{\"Fat\": \"yellow\", \"Salt\": \"green\", \"Sugar\": \"yellow\", \"Saturates\": \"green\"}','breakfast','[\"1 tablespoon olive oil\", \"Juice of 1 lemon\", \"1 large red onion, cut into wedges\", \"3 flat mushrooms, sliced thick\", \"3 baby eggplants, halved lengthways\", \"3 baby zucchinis, halved lengthways\", \"1 red capsicum, seeded and cut into six\", \"3 yellow squash, halved\", \"3 firm ripe tomatoes, halved\", \"Olive or canola oil spray\"]','Combine oil and juice in a small bowl. Brush vegetables with this mixture. Heat BBQ and lightly spray with oil. Barbecue vegetables until tender (about 10 minutes depending on thickness), turning after 5 minutes. Serves 6.','Leave root end of onion in tact to avoid falling apart. If a barbecue is unavailable use a heavy pan with grill markings on a gas hotplate or place vegetables under a grill on a foil-covered tray, turning after 5 minutes.',NULL,NULL,6,'363g','{\"Fat\": \"4.17g\", \"Fibre\": \"2.53g\", \"Energy\": \"304.08kj\", \"Sodium\": \"9.33mg\", \"sugars\": \"4.57g\", \"Protein\": \"2.55g\", \"saturated\": \"0.58g\", \"Carbohydrate\": \"4.80g\"}','{\"Fat\": \"1.15g\", \"Fibre\": \"0.70g\", \"Energy\": \"83.77kj\", \"Sodium\": \"2.57mg\", \"sugars\": \"1.26g\", \"Protein\": \"0.70g\", \"saturated\": \"0.16g\", \"Carbohydrate\": \"1.32g\"}','https://www.eatforhealth.gov.au/eating-well/healthy-recipes/bbq-vegetables',1),(4,'Mexican corn and tomato salad','10 minutes preparation + 5 minutes cooking. 16 serves of veggies in this recipe',NULL,'https://www.eatforhealth.gov.au/sites/default/files/2022-03/mexican_corn_and_tomato_salad_recipe_image.jpg','{\"Fat\": \"yellow\", \"Salt\": \"green\", \"Sugar\": \"green\", \"Saturates\": \"green\"}','lunch','[\"420g can sweet corn kernels (or 1 corn cob, cooked)\", \"1 green capsicum, seeded and diced\", \"3 ripe tomatoes, chopped\", \"2 tablespoons chopped parsley\", \"2 spring onions, sliced\", \"1 Lebanese cucumber, finely diced\", \"1 tablespoon olive oil\", \"Juice of 1 lemon\", \"1 tablespoon sweet chilli sauce\", \"Low fat natural yoghurt - 2 teaspoons per serve\"]','Combine all ingredients except yoghurt. Mix well and spoon into a serving bowl. Top with yoghurt. Serves 6.',NULL,NULL,NULL,6,'216g','{\"Fat\": \"4.14g\", \"Fibre\": \"3.85g\", \"Energy\": \"551.20kj\", \"Sodium\": \"252.41mg\", \"sugars\": \"6.47g\", \"Protein\": \"3.97g\", \"saturated\": \"0.63g\", \"Carbohydrate\": \"17.18g\"}','{\"Fat\": \"1.91g\", \"Fibre\": \"1.78g\", \"Energy\": \"254.70kj\", \"Sodium\": \"116.63mg\", \"sugars\": \"2.99g\", \"Protein\": \"1.83g\", \"saturated\": \"0.29g\", \"Carbohydrate\": \"7.94g\"}',NULL,1),(5,'Warm roasted vegetable salad','10 minutes preparation + 40 minutes cooking. 15 serves of veggies in this recipe.',NULL,'https://www.eatforhealth.gov.au/sites/default/files/2022-03/warm_vegie_salad_recipe_image.jpg','{\"Fat\": \"yellow\", \"Salt\": \"green\", \"Sugar\": \"yellow\", \"Saturates\": \"green\"}','dinner','[\"300g butternut pumpkin, peeled and chopped into 2cm cubes\", \"2 potatoes, peeled and chopped into 2cm cubes\", \"1 capsicum, seeded and cut into large pieces\", \"1 onion, chopped into eighths\", \"100g flat mushrooms, quartered\", \"Olive or canola oil spray\", \"1 bunch English spinach leaves, washed and drained\"]','Preheat oven to 220°C. Line a large baking tray with baking paper. Place pumpkin and potato in a microwave dish with a little water, cover with cling film and cook in microwave on HIGH (100%) for 4 minutes. Toss pumpkin, potato, capsicum, onion and mushrooms together then spread in a single layer over tray. Lightly spray with oil. Bake for 30-40 minutes, turning after 15 minutes. Mix dressing ingredients in a small bowl. When vegetables are cooked, pour over dressing. Line serving dish with spinach leaves and pile roast vegetables on top. Serve immediately. Serves 4.',NULL,'[\"1 tablespoon balsamic vinegar\", \"1 teaspoon olive oil\", \"1 tablespoon honey\", \"1 tablespoon fresh basil, chopped\"]','Try including sweet potato, zucchini, carrots, beetroot, squash and baby eggplant when in season.',4,'296g',NULL,NULL,'https://www.eatforhealth.gov.au/eating-well/healthy-recipes/warm-roasted-vegetable-salad',1),(6,'Chickpea and couscous salad','8 minutes preparation + 6 minutes cooking. 16 serves of vegies in this recipe',NULL,'https://www.eatforhealth.gov.au/sites/default/files/2022-03/chickpea_couscous_salad_recipe_image.jpg','{\"Fat\": \"yellow\", \"Salt\": \"green\", \"Sugar\": \"green\", \"Saturates\": \"green\"}','breakfast','[\"1½ cups vegetable or chicken stock\", \"2 teaspoons ground cumin or curry powder\", \"1½ cups couscous, uncooked\", \"425g can chickpeas, drained\", \"3 medium tomatoes, finely diced\", \"¼ cup parsley, chopped\", \"2 spring onions, sliced (include green tops)\", \"Rind of 1 lemon or orange, grated\", \"Juice of 2 oranges (150 mL)\", \"1 tablespoon vegetable oil\"]','Bring stock to the boil and add cumin. Remove from heat and mix in couscous. Cover and allow to stand for 5 minutes until stock is absorbed. Mix in remaining ingredients. Serve warm or cold. Serves 8.',NULL,NULL,'Substitute tomatoes with 1 red capsicum. Replace spring onions with ½ cup finely chopped red onion.',8,'280g',NULL,NULL,'https://www.eatforhealth.gov.au/eating-well/healthy-recipes/chickpea-and-couscous-salad',1),(7,'Ratatouille','10 minutes preparation + 30 minutes cooking. 24 serves of vegies in this recipe.','Ratatouille is a southern French dish made from eggplant, zucchini, onions, capsicums, tomatoes, and garlic.','https://www.eatforhealth.gov.au/sites/default/files/2022-03/ratatouille_recipe_image_prepared_food.jpg','{\"Fat\": \"yellow\", \"Salt\": \"green\", \"Sugar\": \"yellow\", \"Saturates\": \"green\"}','snack','[\"1 large onion, finely chopped\", \"1 tablespoon olive oil\", \"1 medium-large zucchini, diced\", \"1 medium eggplant, diced\", \"1 medium green capsicum, seeded and diced\", \"1 medium red capsicum, seeded and diced\", \"2 ripe tomatoes, chopped\", \"2 cloves garlic, chopped\", \"425g can crushed tomatoes\", \"2 tablespoons parsley, chopped\"]','In a large saucepan saute onion in oil until soft. Add zucchini, eggplant, capsicum, tomato and garlic. Cover and cook gently for 10 minutes. Add crushed tomatoes and cook for 15-20 minutes or until vegetables are tender. Top with parsley. Serves 6.','4-6 baby eggplants may be used if larger eggplant is unavailable.',NULL,NULL,6,'286g',NULL,NULL,'https://www.eatforhealth.gov.au/eating-well/healthy-recipes/ratatouille',1),(8,'Tuna and avocado salad','10 minutes preparation. 10 serves of vegies in this recipe.',NULL,'https://www.eatforhealth.gov.au/sites/default/files/2022-03/tuna_avacado_salad_recipe_image.jpg','{\"Fat\": \"yellow\", \"Salt\": \"green\", \"Sugar\": \"green\", \"Saturates\": \"green\"}','dinner','[\"315g can tuna in spring water, drained\", \"300g can cannellini or butter beans, drained\", \"1 tomato, chopped\", \"1 avocado, skin and pip removed and chopped\"]','In a bowl lightly fold tuna, beans, tomato and avocado. In a small bowl mix all dressing ingredients together and pour over tuna mixture. Serves 4.',NULL,'[\"Juice of ½ lemon\", \"1 teaspoon grated lemon rind\", \"1 tablespoon chopped basil\", \"2 tablespoons low fat natural yoghurt\", \"Freshly ground or cracked black pepper, to taste\"]',NULL,4,'233g',NULL,NULL,'https://www.eatforhealth.gov.au/eating-well/healthy-recipes/tuna-and-avocado-salad',1),(9,'Vegie lentil soup','10 minutes preparation + 35 minutes cooking. 11 serves of vegies in this recipe.',NULL,'https://www.eatforhealth.gov.au/sites/default/files/2022-03/vegie_lentil_soup_recipe_image.jpg','{\"Fat\": \"yellow\", \"Salt\": \"green\", \"Sugar\": \"yellow\", \"Saturates\": \"green\"}','snack','[\"1 onion, chopped\", \"1 clove garlic, crushed\", \"1 carrot, diced\", \"1 potato, diced\", \"1 parsnip, peeled and diced\", \"1 stick celery, diced\", \"125g red lentils\", \"6 cups chicken stock or water\", \"1 tablespoon tomato paste\", \"2 or 3 sprigs parsley, chopped\"]','Saute onion and garlic in a large pot with a little water until onion is translucent. Add carrot, potato, parsnip and celery and cook for a further 5 minutes. Stir in lentils, stock and tomato paste. Bring to the boil, cover and simmer for 30-35 minutes, stirring occasionally. When lentils and vegetables are just cooked, add parsley. Serves 4.','One teaspoon of dried herbs may be substituted for fresh herbs.',NULL,NULL,4,'544g',NULL,NULL,'https://www.eatforhealth.gov.au/eating-well/healthy-recipes/vegie-lentil-soup',1),(10,'Carrot and parsnip muffins','15 minutes preparation + 25 minutes cooking. 3 serves of vegies in this recipe.',NULL,'https://www.eatforhealth.gov.au/sites/default/files/2022-03/carrot_parsnip_muffins_recipe_image.jpg','{\"Fat\": \"yellow\", \"Salt\": \"green\", \"Sugar\": \"yellow\", \"Saturates\": \"green\"}','dinner','[\"Olive or canola oil spray\", \"1 cup wholemeal self-raising flour\", \"¾ cup white self-raising flour\", \"¼ teaspoon paprika or curry powder\", \"1 large carrot, peeled and grated\", \"1 parsnip, peeled and grated\", \"2 tablespoons grated Parmesan cheese\", \"2 tablespoons chopped parsley or basil\", \"2 eggs, beaten\", \"2 tablespoons oil\", \"1 cup low-fat milk\"]','Preheat oven to 190°C. Lightly spray muffin trays with oil. Sift flours into a large bowl, returning husks to the bowl. Add paprika and fold in carrot, parsnip, cheese and herbs. In a separate bowl mix eggs, oil and milk. Pour into the dry ingredients. Lightly combine but do not over-mix. Spoon into a greased 12 - muffin tray and bake for 25 minutes or until golden brown and firm to touch. Cool on a wire rack. Makes 12.','These muffins freeze well and can be defrosted and microwaved to serve warm.',NULL,NULL,12,'69g',NULL,NULL,'https://www.eatforhealth.gov.au/eating-well/healthy-recipes/carrot-and-parsnip-muffins',1),(11,'Banana parcels','5 minutes preparation + 5 minutes cooking. 5 serves of fruit in this recipe.',NULL,'https://www.eatforhealth.gov.au/sites/default/files/2022-03/banana_parcel_recipe_image.jpg','{\"Fat\": \"yellow\", \"Salt\": \"green\", \"Sugar\": \"yellow\", \"Saturates\": \"green\"}','breakfast','[\"4 bananas, peeled and sliced in half length ways\", \"Pulp of 1 large passionfruit\", \"4 large strawberries\", \"½ cup low-fat natural yoghurt\", \"Rind of ½ orange\"]','Preheat barbecue. Take 4 squares of aluminium foil and fold to make double thickness. Place banana in centre and sprinkle with half of passionfruit pulp. Turn in the edges of foil to enclose banana. Place on barbecue and cook for 5 minutes. Remove to serving plate. Open up parcel, slice a strawberry on top of each parcel. Top with remaining passionfruit. In the small bowl mix yoghurt and orange rind and serve with parcel. Serves 4.',NULL,NULL,NULL,4,'157g',NULL,NULL,'https://www.eatforhealth.gov.au/eating-well/healthy-recipes/banana-parcels',1),(12,'All year round fruit salad','15 minutes preparation. 7 serves of fruit in this recipe.',NULL,'https://www.eatforhealth.gov.au/sites/default/files/2022-03/all_year_fruit_salad_recipe_image.jpg','{\"Fat\": \"yellow\", \"Salt\": \"green\", \"Sugar\": \"yellow\", \"Saturates\": \"green\"}','lunch','[\"2 cups melon, peeled and chopped\", \"(watermelon, rockmelon or honeydew melon)\", \"1 banana, peeled and sliced\", \"½ pineapple, cored and cubed\", \"1 kiwi fruit, peeled and cubed\", \"Pulp of 3 passionfruit\", \"Juice of 2 oranges\"]','Combine all fruit in a large serving bowl. Stir through passionfruit and pour over juice and mix. Serve immediately. Serves 6.','Make sure orange juice is poured over any fruits that discolour quickly, eg: bananas, pears and apples.',NULL,'All fruits can be used in this salad. When in season, use stone fruits, grapes, mangoes and strawberries.',6,'163g',NULL,NULL,'https://www.eatforhealth.gov.au/eating-well/healthy-recipes/all-year-round-fruit-salad',1),(13,'Vegie curry','30 minutes preparation + 40 minutes cooking. 27 serves of vegies in this recipe','De-gorging cut eggplant by sprinkling with salt draws out the seeds’ bitter juices. It is important to rinse in water so the dish is not too salty.','https://www.eatforhealth.gov.au/sites/default/files/2022-03/vegie_curry_recipe_image.jpg','{\"Fat\": \"yellow\", \"Salt\": \"green\", \"Sugar\": \"yellow\", \"Saturates\": \"green\"}','dinner','[\"2 cups rice\", \"1 eggplant, cut into thick slices\", \"Salt\", \"1 tablespoon olive oil\", \"2 cloves garlic, crushed\", \"1 small piece ginger, peeled and sliced\", \"1 large onion, chopped\", \"2-3 tablespoons red or green curry paste (according to taste)\", \"2 potatoes, peeled and cubed\", \"2 carrots, peeled and cubed\", \"½ butternut pumpkin, peeled and cubed\", \"1 red or green capsicum, seeded and chopped\", \"1 cup cauliflower, or broccoli florets or green beans\", \"425g can chopped tomatoes\", \"1 cup reduced-fat coconut milk\", \"2 tablespoons chopped herbs (e.g. basil or oregano)\"]','Cook rice following packet directions. Sprinkle eggplant with salt and leave for 30 minutes. Rinse, pat dry well on paper towels and cut into cubes. Heat oil in a large saucepan and add garlic, ginger and onion cooking gently to soften. Stir in curry paste over low heat. Add vegetables and canned tomatoes and stir well. Cover tightly and bring to the boil, then simmer until vegetables are tender, 20–40 minutes depending on size. Add coconut milk and simmer for a further 5 minutes. Add herbs and stir well. Serves 6.',NULL,NULL,'For a lower fat curry replace coconut milk with 1 cup low-fat evaporated milk and 1 teaspoon coconut essence. To add a serve of legumes to the meal, include a can of salt reduce chickpeas, drained and rinsed.',6,'535g',NULL,NULL,'https://www.eatforhealth.gov.au/eating-well/healthy-recipes/vegie-curry',1),(14,'Vegie lasagne','25 minutes preparation + 30 minutes cooking. 22 serves of vegies in this recipe.',NULL,'https://www.eatforhealth.gov.au/sites/default/files/2022-03/vegie_lasagne_recipe_image.jpg','{\"Fat\": \"yellow\", \"Salt\": \"green\", \"Sugar\": \"yellow\", \"Saturates\": \"green\"}','dinner','[\"500g pumpkin or sweet potato, peeled and sliced\", \"2 bunches English spinach or young silver beet, washed and sliced\", \"500g reduced-fat ricotta\", \"6 spring onions, sliced\", \"½ cup chopped parsley\", \"12 sheets instant lasagne, softened in hot water\", \"425g jar tomato pasta sauce\", \"2 eggs\", \"2 tablespoons plain flour\", \"2 cups low-fat milk\", \"Pinch pepper and ground nutmeg to taste\", \"½ cup grated Parmesan or Romano cheese\"]','Preheat oven to 180 °C. Steam the pumpkin for 3 minutes, then cool. Plunge spinach into boiling water until wilted and drain well to remove excess liquid. In a large bowl combine drained spinach ricotta, onion and parsley. Arrange 3 sheets of lasagne on the base of an ovenproof pan (33cm x 23cm). Top with 1/3 each of pumpkin, tomato sauce and spinach ricotta mixture. Repeat twice and top with remaining lasagne sheets. To make topping, break eggs into flour and mix well to remove lumps. Whisk in milk, pour into a saucepan and bring to the boil, whisking until smooth and thickened. Add pepper, pour over top of lasagne and sprinkle with cheese. Bake for 30 minutes or until golden brown. Serves 6.',NULL,NULL,'To add a serve of legumes to the meal, include a can of salt reduced lentils, drained and rinsed.',6,'483g',NULL,NULL,'https://www.eatforhealth.gov.au/eating-well/healthy-recipes/vegie-lasagne',1),(15,'Fast fish medley','15 minutes preparation + 17 minutes cooking. 13 serves of vegies in this recipe.',NULL,'https://www.eatforhealth.gov.au/sites/default/files/2022-03/fast_fish_medly_recipe_image.jpg','{\"Fat\": \"yellow\", \"Salt\": \"green\", \"Sugar\": \"yellow\", \"Saturates\": \"green\"}','snack','[\"1 cup rice\", \"1 teaspoon olive oil\", \"1 small onion, chopped\", \"1 clove garlic, crushed\", \"425g can chopped tomatoes with herbs\", \"1 fresh red chilli, seeded and chopped\", \"1/3 cup red or white wine (optional)\", \"1 medium red capsicum, seeded and chopped small\", \"1 cup frozen peas\", \"350g white fish fillets, cut into small pieces\", \"100g scallops or scallop pieces (optional)\", \"1 bunch English spinach, washed, drained and chopped\"]','Cook rice following packet directions. Heat oil in pan and cook onion and garlic until softened. Add tomatoes, chilli and wine and simmer for 5 minutes. Stir in cooked rice, capsicum, peas, fish and scallops, cover and cook for 5 minutes or until fish and capsicum are cooked. Stir through spinach until wilted and mixed well with all ingredients. Serves 4.','You can use frozen fish in this recipe.',NULL,'Prawns may replace the scallops, and other vegetables may be used, such as green beans, sweet corn and snow peas.',4,'475g',NULL,NULL,'https://www.eatforhealth.gov.au/eating-well/healthy-recipes/fast-fish-medley',1),(16,'Chicken and vegie pie','20 minutes preparation + 30 minutes cooking. 10 serves of vegies in this recipe.',NULL,'https://www.eatforhealth.gov.au/sites/default/files/2022-03/chicken_vegie_pie_recipe_image.jpg','{\"Fat\": \"yellow\", \"Salt\": \"green\", \"Sugar\": \"yellow\", \"Saturates\": \"green\"}','dinner','[\"4 small chicken breasts, skin removed\", \"2 cups chicken stock\", \"2 tablespoons dry sherry or white wine (optional)\", \"1 bay leaf or bouquet garni sachet\", \"700g mixed vegetables of choice (carrots, cauliflower, leeks, cabbage, asparagus, baby corn, peas)\", \"2 teaspoons cornflour\", \"2 tablespoons low-fat milk\", \"2 tablespoons chopped mixed herbs (parsley, thyme, oregano, marjoram) or 1 teaspoon dried mixed herbs\", \"Freshly ground or cracked black pepper, to taste\", \"6 sheets filo pastry\", \"Olive or canola oil spray\"]','Preheat oven to 200 °C. In a large covered pan, slowly poach chicken breasts in chicken stock, sherry and bay leaf for 15–20 minutes depending on size. Cut vegetables into bite-sized pieces and add to the pan. Cover and continue to cook for 5 minutes. Remove the bay leaf and place chicken and vegetables into a deep pie dish, leaving behind the juices. Mix cornflour with milk and add to juices, bringing to the boil to thicken. Add herbs and season with pepper. Pour sauce over chicken and vegetables. Prepare pastry crust by spraying every second sheet of filo with a little oil and layering sheets on top of each other. Place over top of dish, scrunching up slightly. Spray with a little oil and bake until crisp and brown. Serve immediately. Serves 4.',NULL,NULL,'To reduce the fat content, filo may be brushed with beaten egg white instead of oil. This dish may be served as a casserole without the filo pastry.',4,'537g',NULL,NULL,'https://www.eatforhealth.gov.au/eating-well/healthy-recipes/chicken-and-vegie-pie',1),(17,'Easy beef hotpot','15 minutes preparation + 2 hours cooking. 18 serves of vegies in this recipe.',NULL,'https://www.eatforhealth.gov.au/sites/default/files/2022-03/beef_stockpot_recipe_image.jpg','{\"Fat\": \"yellow\", \"Salt\": \"green\", \"Sugar\": \"yellow\", \"Saturates\": \"green\"}','snack','[\"1kg chuck or blade steak, cubed\", \"2 tablespoons flour\", \"2 teaspoons paprika\", \"425g can crushed tomatoes\", \"2 medium onions, sliced\", \"1 clove garlic, crushed\", \"2 sticks celery, sliced\", \"2 large carrots, thickly sliced\", \"1 turnip, cut into large chunks\", \"3 medium potatoes, cut into large chunks\", \"1 cup red wine or stock\"]','Preheat oven to 180°C. Toss meat, flour and paprika in a plastic bag, tip into a heavy casserole dish. Add all remaining ingredients and stir to combine. Press a piece of baking paper over the ingredients and cover closely with a lid. Cook for 2 hours without lifting the lid. Check for seasoning and tenderness, returning to oven if more cooking time is required. Serves 6.',NULL,NULL,NULL,6,'427g',NULL,NULL,'https://www.eatforhealth.gov.au/eating-well/healthy-recipes/easy-beef-hotpot',1),(18,'Fast vegie spaghetti','10 minutes preparation + 10 minutes cooking. 11 serves of vegies in this recipe.',NULL,'https://www.eatforhealth.gov.au/sites/default/files/2022-03/fast_vegie_spaghetti_recipe_image.jpg','{\"Fat\": \"yellow\", \"Salt\": \"green\", \"Sugar\": \"yellow\", \"Saturates\": \"green\"}','dinner','[\"500g spaghetti or other pasta\", \"2 teaspoons vegetable oil\", \"1 small onion, thinly sliced\", \"1 small carrot, thinly sliced\", \"1 small celery, thinly sliced\", \"½ capsicum, seeded and cut into small dice\", \"1 small zucchini, cut into small dice\", \"570g tomato based pasta sauce\", \"¼ cup grated Parmesan cheese\"]','Cook pasta according to packet directions and drain. Heat oil in a saucepan, add onion and cook until soft. Add other vegetables, stirring until well mixed. Lower heat, cover and cook for 5-7 minutes. Add pasta sauce to vegetables and heat through. Remove from heat and serve over pasta. Sprinkle with cheese. Serves 4-6.',NULL,NULL,'Substitute other vegetables for those listed – use those you have in the refrigerator or freezer. To add a serve of legumes to the meal, include a can of salt reduced red kidney beans, drained and rinsed.',5,'361g',NULL,NULL,'https://www.eatforhealth.gov.au/eating-well/healthy-recipes/fast-vegie-spaghetti',1),(19,'Hearty minestrone soup','15 minutes preparation + 20 minutes cooking. 17 serves of vegies in this recipe.','A hearty Italian soup, and a great way to include legumes and pasta.','https://www.eatforhealth.gov.au/sites/default/files/2022-03/soups_recipe_image.jpg','{\"Fat\": \"yellow\", \"Salt\": \"green\", \"Sugar\": \"yellow\", \"Saturates\": \"green\"}','dinner','[\"1 medium brown onion, chopped\", \"1 clove garlic, crushed\", \"425g can crushed tomatoes\", \"1 carrot, peeled and diced\", \"2 sticks celery, sliced\", \"1 large parsnip, peeled and diced\", \"1 tablespoon tomato paste\", \"1 bay leaf 4 cups beef stock\", \"2 cups water\", \"½ cup small pasta\", \"6 Brussels sprouts, finely sliced or 1 cup sliced cabbage\", \"300g can four bean mix, rinsed and drained\"]','Cook onion and garlic in a large pot with a little water until onion is translucent. Add tomato, carrot, celery, parsnip, tomato paste, bay leaf, beef stock and water. Bring to the boil, add the pasta and simmer for 15 minutes or until tender. Add Brussels sprouts and beans. Cook for a further 5 minutes. Serves 6.',NULL,NULL,'Substitute lentils or butter beans for the four bean mix. Spinach or peas are tasty alternatives to Brussels sprouts and cabbage. Hearty minestrone soup is featured bottom left on photograph.',6,'469g',NULL,NULL,'https://www.eatforhealth.gov.au/eating-well/healthy-recipes/hearty-minestrone-soup',1),(20,'Curried carrot soup','10 minutes preparation + 10 minutes cooking. 14 serves of vegies in this recipe.',NULL,'https://www.eatforhealth.gov.au/sites/default/files/2022-03/curried_carrot_soup_recipe_image.jpg','{\"Fat\": \"yellow\", \"Salt\": \"green\", \"Sugar\": \"yellow\", \"Saturates\": \"green\"}','dinner','[\"1 teaspoon vegetable oil\", \"1 onion, sliced\", \"2 teaspoons mild curry powder\", \"5 cups vegetable or chicken stock\", \"5 large carrots, washed and chopped\", \"1 large potato, peeled and chopped\"]','Heat oil in a large pot and cook onion until translucent. Stir through curry powder and cook for 1 minute. Add remaining ingredients and bring to the boil. Cover, reduce heat and simmer for 10 minutes or until vegetables are tender. Remove from heat. Puree in a blender until smooth, adding a little extra water if required. Return to the saucepan and reheat. Serves 4.','To microwave, reduce stock to 4 ½ cups, place ingredients in a bowl and cook on HIGH (100%) for 15 minutes or until vegetables are soft.',NULL,NULL,6,'361g',NULL,NULL,'https://www.eatforhealth.gov.au/eating-well/healthy-recipes/curried-carrot-soup',1);
/*!40000 ALTER TABLE `Recipe` ENABLE KEYS */;
UNLOCK TABLES;

--
-- Table structure for table `user`
--

DROP TABLE IF EXISTS `user`;
/*!40101 SET @saved_cs_client     = @@character_set_client */;
/*!40101 SET character_set_client = utf8 */;
CREATE TABLE `user` (
  `user_id` int NOT NULL AUTO_INCREMENT,
  `firstName` varchar(255) NOT NULL,
  `lastName` varchar(255) NOT NULL,
  `gender` varchar(50) DEFAULT NULL,
  `dob` date DEFAULT NULL,
  `phone` varchar(20) DEFAULT NULL,
  `email` varchar(255) NOT NULL,
  `joinedYear` varchar(4) DEFAULT NULL,
  `password` varchar(255) NOT NULL,
  `avatar_path` varchar(255) DEFAULT NULL,
  `created_at` timestamp NULL DEFAULT CURRENT_TIMESTAMP,
  `username` varchar(100) DEFAULT NULL,
  PRIMARY KEY (`user_id`)
) ENGINE=InnoDB AUTO_INCREMENT=7 DEFAULT CHARSET=utf8mb4 COLLATE=utf8mb4_0900_ai_ci;
/*!40101 SET character_set_client = @saved_cs_client */;

--
-- Dumping data for table `user`
--

LOCK TABLES `user` WRITE;
/*!40000 ALTER TABLE `user` DISABLE KEYS */;
INSERT INTO `user` (`user_id`, `firstName`, `lastName`, `gender`, `dob`, `phone`, `email`, `joinedYear`, `password`, `avatar_path`, `created_at`, `username`) VALUES (1,'John','Doe','male','1990-05-15','0400123456','john.doe@example.com','2023','123456',NULL,'2025-05-20 01:39:45','user1'),(2,'Emily','Johnson','female','1995-06-20','0400123457','emily.johnson@example.com','2023','123456',NULL,'2025-05-20 01:39:45','user2'),(3,'Michael','Smith','male','1988-12-02','0400123458','michael.smith@example.com','2022','123456',NULL,'2025-05-20 01:39:45','user3'),(4,'Sarah','Williams','female','2000-09-22','0400123459','sarah.williams@example.com','2024','123456',NULL,'2025-05-20 01:39:45','user4'),(5,'David','Brown','male','1992-03-10','0400123460','david.brown@example.com','2021','123456',NULL,'2025-05-20 01:39:45','user5'),(6,'Anna','Taylor','female','1985-11-05','0400123461','anna.taylor@example.com','2024','123456',NULL,'2025-05-20 01:39:45','user6');
/*!40000 ALTER TABLE `user` ENABLE KEYS */;
UNLOCK TABLES;

--
-- Table structure for table `user_favorites`
--

DROP TABLE IF EXISTS `user_favorites`;
/*!40101 SET @saved_cs_client     = @@character_set_client */;
/*!40101 SET character_set_client = utf8 */;
CREATE TABLE `user_favorites` (
  `id` int NOT NULL AUTO_INCREMENT,
  `user_id` int NOT NULL,
  `recipe_ID` int NOT NULL,
  `created_at` timestamp NULL DEFAULT CURRENT_TIMESTAMP,
  PRIMARY KEY (`id`),
  UNIQUE KEY `user_recipe` (`user_id`,`recipe_ID`)
) ENGINE=InnoDB DEFAULT CHARSET=utf8mb4 COLLATE=utf8mb4_0900_ai_ci;
/*!40101 SET character_set_client = @saved_cs_client */;

--
-- Dumping data for table `user_favorites`
--

LOCK TABLES `user_favorites` WRITE;
/*!40000 ALTER TABLE `user_favorites` DISABLE KEYS */;
/*!40000 ALTER TABLE `user_favorites` ENABLE KEYS */;
UNLOCK TABLES;
/*!40103 SET TIME_ZONE=@OLD_TIME_ZONE */;

/*!40101 SET SQL_MODE=@OLD_SQL_MODE */;
/*!40014 SET FOREIGN_KEY_CHECKS=@OLD_FOREIGN_KEY_CHECKS */;
/*!40014 SET UNIQUE_CHECKS=@OLD_UNIQUE_CHECKS */;
/*!40101 SET CHARACTER_SET_CLIENT=@OLD_CHARACTER_SET_CLIENT */;
/*!40101 SET CHARACTER_SET_RESULTS=@OLD_CHARACTER_SET_RESULTS */;
/*!40101 SET COLLATION_CONNECTION=@OLD_COLLATION_CONNECTION */;
/*!40111 SET SQL_NOTES=@OLD_SQL_NOTES */;

-- Dump completed on 2025-05-20 11:47:50
